,0
wine,177973
flavor,156421
fruit,127581
finish,85879
acid,79412
aroma,78078
cherri,69571
palat,66168
tannin,64979
ripe,57397
dri,52401
rich,50193
black,50046
note,49600
spice,48585
fresh,44377
show,40837
sweet,40585
red,38759
soft,34692
oak,34519
blackberri,34258
drink,34117
berri,33508
nose,32631
offer,30528
plum,30483
balanc,30451
crisp,28819
textur,28702
light,28292
appl,26660
good,26611
veri,26422
structur,25898
age,24608
blend,23670
dark,23418
raspberri,23069
miner,22651
white,22506
bright,22167
hint,22154
vanilla,22059
fruiti,21906
give,21765
well,21499
touch,21469
citrus,21447
firm,20384
complex,19853
green,19819
peach,19405
feel,18559
juici,18066
currant,17884
concentr,17836
eleg,17530
herb,17512
chocol,17364
smooth,17245
mouth,17127
charact,17033
pepper,16890
spici,16259
intens,16114
open,15768
full,15764
like,15459
fine,15456
pear,15378
tast,15298
bit,14640
year,14616
tannic,14401
clean,14370
make,14291
tart,14020
also,14003
round,13869
nice,13695
slight,13625
long,13387
bottl,13147
toast,13123
herbal,13106
creami,13047
wood,12981
delici,12656
power,12651
merlot,12564
mouthfeel,12068
dens,11931
layer,11751
licoric,11668
style,11664
come,11632
syrah,11551
tight,11419
one,11283
cola,11279
chardonnay,11277
honey,11172
made,11096
great,11026
littl,11007
earthi,10965
cassi,10718
leather,10677
pineappl,10428
smoki,10405
tobacco,10010
vineyard,9970
along,9928
still,9836
fullbodi,9824
yet,9708
bake,9634
cabernet_sauvignon,9563
simpl,9562
solid,9474
grape,9418
accent,9372
lead,9360
apricot,9263
deliv,9258
seem,9123
big,9003
savori,8793
live,8736
pretti,8690
almost,8669
lemon,8518
edg,8488
melon,8473
strawberri,8437
easi,8348
attract,8050
best,8043
tropic,7988
floral,7949
mix,7904
beauti,7896
lime,7890
scent,7884
refresh,7761
plenti,7745
candi,7726
follow,7711
cabernet,7704
coffe,7675
suggest,7651
vintag,7627
pinot_noir,7572
tone,7531
impress,7451
strong,7440
bitter,7392
silki,7384
quit,7363
domin,7278
linger,7241
core,7219
toasti,7142
lot,7046
young,7026
blueberri,7019
new,6944
produc,6932
much,6907
jammi,6839
close,6837
aromat,6731
back,6730
readi_drink,6678
delic,6676
lush,6663
cedar,6610
smoke,6599
matur,6581
grapefruit,6552
alongsid,6527
generous,6473
perfum,6446
bring,6441
add,6401
thick,6387
end,6332
caramel,6310
yellow,6288
weight,6279
enough,6250
cinnamon,6244
mocha,6151
tangi,6112
color,6097
although,6084
qualiti,6047
pair,5962
earth,5937
time,5935
pure,5908
oaki,5898
need,5825
clove,5809
stone,5766
warm,5707
orang,5662
love,5657
deep,5641
exot,5629
hard,5610
sharp,5601
bouquet,5557
heavi,5529
dusti,5507
express,5496
zesti,5488
polish,5462
pepperi,5347
start,5271
jam,5240
cranberri,5238
barrel,5228
pinot,5210
even,5170
nt,5150
lean,5124
pleasant,5066
enjoy,4977
element,4969
vibrant,4942
aftertast,4942
develop,4928
keep,4893
forward,4850
depth,4819
go,4807
wineri,4798
cellar,4794
pack,4777
chewi,4773
mint,4768
way,4760
side,4729
mediumbodi,4723
sour,4718
rather,4710
subtl,4701
bold,4673
wild,4663
frame,4641
mark,4621
sauvignon_blanc,4604
combin,4560
carri,4558
right,4536
import,4530
price,4466
interest,4452
suppl,4433
integr,4379
doe,4369
appeal,4367
high,4363
classic,4363
mild,4352
varieti,4311
overal,4298
onli,4260
malbec,4260
velveti,4237
first,4219
turn,4204
provid,4183
riesl,4167
brisk,4157
lift,4152
cabernet_franc,4121
get,4109
anis,4102
smell,4093
cut,4067
bodi,4061
focus,4041
whiff,3995
doe_nt,3968
perfect,3965
tangerin,3964
load,3961
could,3890
nuanc,3881
rustic,3875
opul,3874
crush,3861
cab,3857
astring,3847
espresso,3839
violet,3826
food,3808
almond,3806
flower,3800
extract,3800
streak,3774
skin,3768
includ,3686
rosé,3685
despit,3649
fragrant,3601
roast,3579
oliv,3549
lack,3545
support,3542
hold,3517
alcohol,3510
full_bodi,3496
though,3469
take,3447
approach,3408
realli,3376
leav,3375
excel,3356
featur,3353
plump,3344
prune,3333
sangioves,3315
wild_berri,3312
cocoa,3289
glass,3269
natur,3225
fair,3209
juic,3204
tea,3173
alreadi,3170
estat,3149
citrusi,3116
raisin,3103
nectarin,3081
boast,3074
chunki,3049
gentl,3039
wonder,2994
last,2960
length,2955
raci,2935
certain,2930
somewhat,2904
midpal,2902
petit_verdot,2900
char,2897
lend,2889
plush,2887
short,2858
meati,2853
fig,2844
soften,2809
find,2785
befor,2758
hot,2752
top,2740
result,2710
honeysuckl,2708
pie,2706
moder,2702
thin,2698
straightforward,2697
better,2682
play,2675
wrap,2675
fill,2669
persist,2661
youth,2643
set,2641
remain,2633
brambl,2621
basic,2617
densiti,2597
raw,2595
mani,2595
blossom,2593
burst,2587
butter_toast,2581
distinct,2581
zinfandel,2576
zin,2569
luscious,2553
final,2543
viognier,2533
fleshi,2517
ad,2510
may,2506
serious,2498
sens,2482
medium,2471
highlight,2465
surpris,2456
refin,2450
lemoni,2440
tough,2435
sourc,2411
variet,2405
drink_2018,2399
california,2383
winemak,2341
grip,2340
tasti,2333
definit,2333
succul,2331
broad,2316
modest,2306
steeli,2289
sip,2284
name,2265
two,2262
minti,2249
cool,2247
typic,2243
heat,2229
ampl,2225
present,2207
leatheri,2207
need_time,2200
auster,2197
coconut,2188
extra,2187
tri,2186
display,2183
satisfi,2176
petit_sirah,2173
mouthwat,2161
appear,2140
reveal,2139
effort,2135
sophist,2132
medium_bodi,2126
graphit,2116
robust,2113
promis,2107
without,2107
sandalwood,2106
potenti,2100
front,2096
menthol,2090
intrigu,2089
butteri,2076
sage,2059
taut,2058
boysenberri,2057
white_flower,2050
mango,2045
appel,2041
butter,2038
run,2036
grenach,2033
would,2028
point,2027
10,2023
screwcap,2022
banana,2022
bite,2013
decad,2010
unusu,2005
drink_2017,2000
region,1990
profil,1983
around,1980
pomegran,1979
rubberi,1977
invit,1973
chalki,1970
mushroom,1967
chard,1963
work,1960
extrem,1960
creat,1960
less,1952
pleas,1947
gorgeous,1944
easygo,1942
100,1941
drinkabl,1931
background,1921
bacon,1920
addit,1915
base,1913
cream,1912
given,1906
defin,1902
person,1897
woodi,1896
use,1895
balsam,1894
want,1888
restrain,1882
alway,1881
butterscotch,1879
tar,1879
dryness,1873
milk_chocol,1869
offdri,1859
huge,1855
help,1851
throughout,1841
least,1838
part,1836
mellow,1835
reserv,1835
hit,1834
easydrink,1829
valu,1828
dessert,1820
compact,1817
quick,1808
chocolati,1805
bone_dri,1799
shiraz,1796
characterist,1793
tomato,1792
sparkl,1789
blackfruit,1785
except,1777
2015,1776
sugari,1772
anoth,1766
complet,1762
initi,1760
continu,1752
leafi,1751
thank,1749
valley,1742
herbac,1741
consist,1740
would_pair,1740
direct,1739
high_alcohol,1739
burnt,1737
grace,1736
mountain,1735
meat,1731
emerg,1728
orang_peel,1726
select,1725
stalki,1722
thing,1719
becaus,1717
friend,1714
fulli,1709
nutti,1704
wave,1701
form,1699
rose_petal,1698
grassi,1698
harmoni,1694
yeasti,1692
begin,1686
line,1686
lyche,1684
linear,1669
brighten,1665
ani,1654
brace,1647
compon,1634
20,1630
rough,1623
evolv,1618
flat,1615
expect,1610
rose,1606
drink_2020,1596
redfruit,1595
passion,1590
stew,1580
come_togeth,1578
exampl,1577
snappi,1576
still_young,1575
old,1566
relat,1565
salti,1562
veget,1560
overrip,1559
sampl,1557
especi,1549
allow,1540
stand,1539
nutmeg,1537
charm,1533
lemon_lime,1532
shade,1529
gritti,1523
oili,1515
rang,1511
decant,1509
forest_floor,1507
chees,1506
bubbl,1501
gooseberri,1500
lemon_zest,1495
syrupi,1494
everyday,1494
french_oak,1487
ferment,1481
pleasur,1469
medicin,1469
penetr,1459
generic,1457
vine,1456
match,1456
label,1453
shine,1445
air,1444
residu_sugar,1441
kind,1430
brown_sugar,1428
preserv,1422
15,1421
recal,1421
drink_2019,1419
standard,1416
modern,1416
sugar,1415
pick,1413
new_french,1407
term,1405
decent,1404
immedi,1397
2010,1389
sensat,1388
puriti,1386
howev,1384
kick,1383
real,1380
total,1380
accompani,1380
finess,1377
hearti,1377
someth,1376
blue_flower,1375
consider,1372
subdu,1370
otherwis,1370
lace,1364
drink_2016,1361
backbon,1356
particular,1355
tempranillo,1352
improv,1344
rhubarb,1338
call,1338
entic,1336
pink_grapefruit,1334
tradit,1333
next_year,1333
readi,1324
stage,1321
meyer_lemon,1321
uniqu,1320
enorm,1316
2008,1315
tang,1313
kiwi,1311
dish,1305
sauvignon,1301
2018,1299
sparkler,1296
becom,1290
cook,1289
citric,1289
underbrush,1288
ginger,1288
grabbi,1284
coat,1280
lightbodi,1274
togeth,1272
finegrain_tannin,1271
level,1270
satur,1269
funki,1268
pithi,1263
30,1261
similar,1260
game,1259
orang_zest,1258
2012,1258
true,1257
detail,1254
cure_meat,1247
singlevineyard,1245
character,1244
low,1239
grass,1239
cab_franc,1238
substanti,1237
redberri,1236
barbecu,1235
might,1233
push,1232
whole,1231
near,1226
vivid,1219
month,1218
famili,1218
plus,1216
raisini,1215
dust,1212
upfront,1209
drink_soon,1201
massiv,1200
success,1200
fade,1199
appet,1196
proper,1192
yield,1189
goe,1188
steak,1188
palat_dole,1184
pinot_gris,1184
pois,1182
summer,1181
meet,1179
grippi,1179
edgi,1177
obvious,1175
pinot_grigio,1174
fat,1174
easili,1171
seduct,1170
blackcurr,1169
stylish,1169
mouthfil,1168
beyond,1167
neutral,1167
headi,1164
aggress,1164
reflect,1161
serv,1160
compel,1157
flesh,1154
sauc,1153
next,1149
smoke_meat,1147
wellbalanc,1141
look,1139
mean,1138
superrip,1137
everyth,1137
yeast,1136
nut,1132
access,1129
blast,1127
pungent,1122
releas,1119
across,1119
highton,1118
2011,1117
2007,1117
grill,1116
clear,1114
small,1112
main,1112
champagn,1112
mingl,1111
exuber,1110
blackcherri,1109
purpl,1107
weighti,1104
richer,1100
case,1099
delight,1088
brunello,1088
brood,1087
entir,1087
liqueur,1087
resini,1086
truffl,1086
perhap,1084
settl,1079
lee,1079
precis,1079
eucalyptus,1078
enhanc,1074
behind,1071
packag,1066
2009,1061
ground,1057
2020,1053
contrast,1049
brini,1048
assert,1044
lemonlim,1043
coolclim,1042
sort,1041
primari,1038
bell_pepper,1038
tight_wound,1037
papaya,1035
fun,1033
barrel_sampl,1031
sticki,1026
unfold,1026
thyme,1022
equal,1017
noth,1017
offset,1014
put,1012
half,1008
harsh,1008
differ,1007
muscular,1007
old_vine,1005
washington,1005
bordeaux,1004
sure,993
come_across,992
promin,992
mayb,991
root_beer,988
onedimension,988
apéritif,987
inki,983
sturdi,981
toast_almond,979
healthi,978
mani_year,978
leaf,977
version,977
see,974
plummi,970
manag,970
let,969
deepli,969
onc,968
ting,968
due,965
far,965
barolo,965
complement,964
toward,963
woodag,963
resin,962
40,960
peppercorn,959
bordeaux_blend,958
drive,957
whose,957
evid,956
retain,956
regular,955
riper,950
cake,949
lavend,944
zest,944
briari,942
usual,940
warmth,939
benefit,938
exhibit,938
100_variet,932
2014,930
brilliant,929
grill_meat,927
wait,926
hay,920
25,919
reminisc,917
done,916
smell_like,914
sever_year,913
probabl,912
foodfriend,909
star,909
blue,907
age_potenti,900
molass,899
place,898
ageworthi,895
bitter_almond,895
rubber,893
futur,891
grown,888
wet_stone,887
rock,887
site,885
mediumweight,884
sever,883
never,881
extend,881
barbera,881
rare,880
known,879
wellmad,877
control,877
star_anis,874
fruitforward,874
overton,873
welcom,872
carmenèr,872
2017,871
forc,870
notic,869
second,869
pristin,869
salin,864
rug,863
rest,863
showcas,861
lighter,860
shi,858
tabl,857
earli,854
abund,852
reason,847
botryti,846
product,845
say,844
seamless,843
potent,843
shape,842
medium_weight,841
scour,838
instead,831
craft,829
fact,825
fall,824
orang_blossom,823
slate,823
tonic,821
among,818
surround,818
brim,818
meld,817
sleek,815
fruitdriven,815
maintain,814
estat_vineyard,813
heft,812
lengthi,810
found,810
dill,806
waxi,806
2005,806
slender,805
toast_nut,805
ever,805
mourvèdr,803
quinc,801
napa,799
flashi,798
inform,797
stemmi,793
fennel,791
2016,791
lead_way,791
got,788
zippi,788
syrup,787
strike,786
faint,785
narrow,785
impart,782
stoni,780
three,778
ageabl,778
sémillon,776
2013,775
miss,775
bear,773
classi,773
voluptu,772
jasmin,770
scratchi,770
asian_spice,770
slowli,766
within,764
2006,763
indic,763
five_year,762
amaron,762
roast_coffe,761
fan,761
cloy,761
tension,759
steel,759
dramat,756
pronounc,755
anoth_year,754
allur,752
vanilla_cream,752
tongu,752
melt,751
forest_berri,751
array,750
experi,750
leesi,749
fare,749
simpli,749
built,748
prove,747
overwhelm,747
limit,746
redol,745
essenc,745
angular,742
pipe_tobacco,741
gain,739
wo,737
underrip,735
forest,733
amount,733
larg,732
overt,732
blanc,731
often,730
possibl,727
dash,726
beef,725
fragranc,724
wellintegr,723
explos,723
jelli,722
streamlin,721
oxid,719
lemon_peel,718
unrip,718
italian,717
lumin,715
luxuri,713
chop_herb,711
vein,710
hill,710
dull,710
prosecco,709
danc,708
underneath,708
incred,707
stonefruit,704
choic,704
pie_fill,704
hand,703
choppi,702
reward,701
toffe,701
lemongrass,701
plant,701
moment,700
hazelnut,698
unctuous,698
stay,697
port,697
vanilla_bean,696
could_use,696
sheer,695
compos,694
tens,692
carob,689
ton,687
dilut,687
ager,685
nero_davola,685
ride,684
bonedri,683
drink_2022,682
remark,682
deal,682
convey,681
draw,679
repres,679
burn,679
asphalt,677
variet_charact,677
awkward,677
lightweight,675
past,674
terroir,674
pierc,674
think,673
estategrown,672
brawni,669
brand,668
big_bold,667
ultim,667
soon,666
grill_herb,665
mulberri,663
napa_valley,663
contribut,662
la,661
oakdriven,661
middl,660
elev,660
pastri,658
spring_flower,658
bean,657
pop,657
soil,654
coastal,654
petrol,653
shot,652
gewürztramin,651
entri,649
riserva,649
emphas,648
consum,648
lusti,646
graini,646
tomato_leaf,644
drunk,644
crème_brûlée,644
lavish,644
amaz,643
crush_stone,642
heart,641
captur,640
vital,639
touriga_nacion,639
punch,639
softer,639
six_year,638
excit,637
roll,636
4–5,636
cleans,634
citrus_zest,634
life,631
barrel_ferment,631
salad,630
nonetheless,629
drink_now–2015,629
viscous,628
stun,628
stuf,628
flamboy,627
origin,625
sauci,623
join,621
class,621
special,620
odd,620
trace,619
slice,619
orchard,617
cheer,617
mouss,617
peachi,615
superb,614
heavili,614
mute,613
grow,611
thorough,611
abound,610
area,610
cuvé,610
marri,610
brown,609
tremend,608
partner,608
drop,607
guava,606
crispli,603
barnyard,599
would_make,597
honeydew,596
cigar_box,594
day,594
sign,593
backdrop,591
sunni,591
achiev,588
swirl,586
design,586
stuff,586
immens,585
rioja,584
darker,584
properti,583
afford,582
build,581
pencil_lead,580
marmalad,580
ca_nt,579
hous,578
drink_2021,576
60,576
case_produc,575
pale,574
pinch,574
current,574
major,572
100_cabernet,572
contain,571
terrif,567
indian_spice,567
reduc,567
size,566
common,566
driven,565
two_year,565
rise,564
bare,564
notabl,563
bordeauxstyl_blend,561
away,561
block,560
center,560
asian_pear,557
purpl_flower,557
peel,557
render,556
cinnamon_clove,556
expens,556
wet,555
10_year,554
cut_grass,553
aspect,553
cherryberri,553
garnacha,553
prick,552
general,551
underton,551
cardamom,550
bland,549
splash,548
chill,546
dr_pepper,546
likeabl,546
12,544
rooti,544
surfac,544
new_world,544
measur,543
introduc,543
oregon,543
mediterranean_herb,543
longlast,540
comfort,539
sappi,539
sound,537
itali,536
ripasso,536
lipsmack,535
know,535
difficult,534
2004,534
notion,533
golden,532
score,532
lith,531
enjoy_soon,531
boost,531
douro,531
volatil,531
next_six,531
sprinkl,529
grapi,527
oak_influenc,525
overpow,525
longer,524
ideal,523
influenc,523
offdri_riesl,522
textbook,522
2–3_year,522
deft,520
swath,520
honest,520
late,520
elabor,519
50,519
golden_delici,519
gami,518
fascin,517
wealth,516
wash,516
disappoint,516
citrus_peel,515
pink,514
sweeter,514
de,513
chalk,512
salt,511
veer,510
popular,510
add_interest,509
nervi,508
restraint,507
drink_now–2020,507
roast_meat,506
french,506
dri_creek,505
stem,505
pickl,505
worth_age,505
tarri,504
flabbi,504
wateri,503
underscor,502
ground_pepper,502
chenin_blanc,502
pine,502
roussann,501
absolut,501
lime_zest,500
verv,500
distinguish,500
presenc,499
year_two,499
blackskin,499
date,499
anyth,498
explod,498
season,496
appar,496
challeng,496
drier,495
feminin,494
proport,493
celebr,493
zingi,493
blend_60,492
wide,491
flint,491
made_entir,491
darkfruit,490
stainless_steel,490
effervesc,490
stiff,490
stewi,490
crunchi,489
elderberri,489
move,489
burgundi,489
hail,488
rosemari,488
compost,488
moist_earth,488
press,488
bad,487
actual,486
5–6,486
marzipan,485
state,485
tame,485
funk,484
energi,483
companion,483
fantast,483
vineyarddesign,482
muddl,481
semisweet,479
residu,478
cru,476
iron,476
breath,476
cantaloup,476
carignan,476
wet_earth,475
excess,474
stoni_miner,474
stick,473
masculin,473
wildflow,472
russian_river,471
home,470
accentu,470
yes,470
modern_style,469
outstand,468
asparagus,468
hallmark,467
twist,466
compris,466
2003,466
watermelon,465
seafood,465
tad,464
woodspic,464
versatil,463
overlay,463
adequ,463
bolster,463
spot,463
meloni,461
meali,461
fish,460
strength,459
spirit,459
waft,458
oregano,457
graham_cracker,457
subtleti,457
tannat,456
ether,455
spritzi,454
low_alcohol,453
pinot_blanc,453
sb,453
nebbiolo,453
compot,451
tini,451
honeydew_melon,450
made_100,450
wrap_around,449
pull,449
kiss,448
barrelfer,448
care,448
strang,448
coupl_year,447
snap,447
everi,446
veer_toward,446
punchi,446
sit,445
familiar,445
redcherri,444
cushion,444
allspic,444
citrus_rind,443
almond_past,443
best_buy,443
pizza,442
intric,441
hefti,440
reach,440
ripen,440
dazzl,440
cedari,439
envelop,439
dimens,439
redcurr,438
dose,438
3–4_year,438
develop_next,437
reduct,436
14,436
mapl_syrup,436
albariño,434
cool_vintag,434
countri,434
till_soil,433
effect,433
80,433
lover,433
vinho,433
chabli,431
soy,431
lean_toward,431
speak,430
announc,430
appropri,428
super,428
orang_rind,428
jumpi,427
singl_vineyard,427
equal_part,427
made_organ,427
thread,426
blackplum,426
tobacco_leaf,425
overdon,425
anim,425
muscat,424
sometim,424
blend_50,423
abov,423
junip,422
verdot,421
flood_mouth,421
steadi,420
flinti,420
chile,420
sear,419
four,419
paso_robl,419
entrylevel,418
whitefruit,418
pasta,418
secondari,417
clone,417
garrigu,416
buoyant,416
add_depth,416
brioch,415
take_center,414
lick,413
delicaci,413
sipper,412
underst,412
compar,412
tuscani,412
signatur,411
rind,411
lemon_drop,411
expans,410
clumsi,410
word,410
consid,409
blocki,408
sing,408
later,407
weedi,406
montalcino,406
pulpi,405
cours,405
scorch_earth,404
11,404
key_lime,404
foami,402
beeswax,402
said,402
fold,402
fabul,402
sinc,401
complic,401
quiet,400
uncompl,400
wiri,400
greater,400
pour,399
butter_popcorn,398
averag,397
13,397
confect,397
provid_framework,395
grand_cru,395
enliven,395
brut,394
mask,394
inexpens,394
carnero,392
fanci,392
fieri,392
peak,391
exud,391
cava,391
70,391
whi,391
sulfur,391
05,391
invigor,390
time_cellar,389
flush,388
beef_jerki,388
shellfish,388
verd,388
lactic,388
cover,387
unoak,387
château,387
extraordinarili,387
2022,386
blend_70,385
sumptuous,385
lineup,384
echo,384
lemon_curd,383
fierc,383
famous,383
grapey,383
sea_salt,382
walla_walla,381
grill_steak,381
muscl,380
cold,380
easi_find,380
demand,379
blush,379
sicili,379
seri,378
sport,378
muski,378
villag,377
right_amount,376
possess,376
quaffabl,375
unbalanc,375
bay_leaf,374
2019,374
rubi_color,374
sweeten,373
resembl,373
temper,373
without_much,373
potpourri,372
chang,372
dark_brood,372
buoy,372
meal,372
grüner,372
lose,372
spright,370
floweri,369
thus,369
murki,369
kirsch,368
underpin,368
volum,368
tire,368
truli,366
hollow,365
exact,365
pink_color,364
green_bean,364
franc,364
chianti_classico,364
walnut,363
even_better,363
velvet,362
new_zealand,362
normal,362
come_around,361
piquant,361
popcorn,360
harvest,360
highacid,359
coffe_ground,359
corn,359
spine,358
great_valu,357
bulki,357
distant,356
northern_itali,356
anchor,355
warmer,355
nettl,355
likabl,355
preced,354
irresist,354
posit,354
fit,354
interpret,354
correct,354
fashion,353
vibranc,353
generos,352
organ,352
fudg,352
market,352
enrich,352
small_amount,351
mineraldriven,351
ava,351
35,350
favor,350
pineappl_mango,350
burger,350
sultri,349
loami,349
step,349
get_better,349
sicilian,349
spring,348
handl,348
cab_sauvignon,348
american_oak,347
either,347
barbaresco,346
three_year,345
amid,345
broaden,344
metal,344
vermentino,344
admir,343
curious,343
probabl_best,343
mouthcoat,342
wellstructur,342
mélang,342
orang_marmalad,342
chocol_fudg,341
four_year,341
older,341
damson,341
river,340
even_though,340
sweati,340
counti,339
quaffer,338
custard,338
45,338
infus,338
cheesi,337
16,337
categori,336
bomb,336
jag,336
drink_2023,335
malbec_petit,335
bartlett_pear,334
describ,334
ultrarip,333
clariti,333
almond_skin,333
spritz,333
drink_now–2018,333
appl_cider,332
fleet,331
flow,331
frank,331
chop,331
tree_bark,331
appreci,331
frothi,331
yellow_rose,331
oil,330
grate,330
roast_almond,330
onc_sip,329
smoke_bacon,329
pedigre,328
exquisit,328
fresher,327
left,327
weak,327
local,326
granit,326
powder,326
pale_color,325
requir,325
superior,325
kept,325
crack_pepper,325
sizabl,324
sagebrush,324
predomin,323
spearmint,323
fair_price,323
wellpric,322
pine_needl,322
pinot_bianco,322
greenappl,322
flood,322
front_center,322
gold_color,321
charcoal,321
chicken,321
vintner,321
chilean,321
hickori,321
spent,321
central_coast,320
espresso_bean,320
age_3–4,320
woodland_berri,319
crème_de,318
histor,318
rum_cake,318
06,318
marshmallow,317
number,317
perlag,317
toast_hazelnut,316
resolv,316
rhône,316
persimmon,316
sawdust,316
atop,315
ash,315
struggl,315
substanc,315
distract,314
eas,314
lie,314
rendit,313
central_itali,313
lemon_rind,312
granni_smith,312
blend_80,312
could_develop,312
longterm_age,311
chop_mint,311
judg,311
5050_blend,311
world,311
earthier,310
impact,310
impecc,310
spectrum,310
raisin_prune,310
lamb,310
pinot_nero,310
drink_now–2016,310
extraordinari,310
18_month,309
bounci,309
glide,309
type,309
joy,307
worth,307
blow,307
counter,306
bake_bread,306
framework,305
immedi_attract,305
sizzl,304
waft_glass,304
roast_chicken,304
beefi,304
coupl,304
previous_vintag,304
cocktail,304
buttercream,304
golden_color,303
mediumlength,303
grenach_blanc,302
right_away,302
wind,302
small_percentag,302
fortun,302
porti,302
flash,301
inde,301
beaujolai,301
superrich,301
pencil_shave,300
reson,300
soupi,300
provid_support,299
problem,299
75,299
super_tuscan,299
expand,298
dynam,297
straight,297
valpolicella,297
lost,296
disjoint,296
standout,295
food_friend,295
bordeaux_varieti,295
higher,295
confirm,295
mass,294
money,294
emphasi,294
burgundian,293
bigger,293
lighter_style,293
intern,293
dolcetto,293
age_2–3,293
tarragon,292
blacken,292
oldvin,292
cigar,292
essenti,292
le,292
stay_power,291
meant,291
compet,290
foundat,290
farm,290
lodi,290
win,289
spectacular,289
flourish,288
somehow,288
meat_dish,288
decid,287
loud,286
unlik,286
press_appl,286
signific,286
border,285
alli,284
endur,284
17,283
locat,283
cotton_candi,283
morello_cherri,282
soapi,282
perform,282
onto,282
04,282
powerhous,281
amidst,281
knit_togeth,281
breath_time,281
buri,281
drink_now–2012,281
soda,280
bristl,280
hue,280
detract,280
demonstr,280
bargain,279
cap,279
3–5,279
case_made,279
parcel,278
90,278
owner,278
oakag,278
rubi,277
usa,277
deeper,276
vivaci,276
hedonist,276
pith,276
hide,276
oregon_pinot,276
welldefin,275
pinotag,275
beet,274
vanilla_custard,274
ooz,274
north,274
share,274
bing_cherri,273
drink_2025,273
coffe_bean,273
foresti,273
verdejo,273
wear,273
readytodrink,273
crusti,273
calm,272
mediumsweet,272
celeri,272
ltd,272
chamomil,271
bacon_fat,271
press_violet,271
south,271
cooler,270
flagship,270
succeed,270
primitivo,270
woodsi,270
incens,269
gravel,269
minut,269
brandi,268
bur,268
citrus_pith,268
berrycherri,268
zing,268
smoki_sandalwood,268
squeez,267
crisper,267
held,267
compani,267
recommend,267
9092_barrel,267
five,266
spunki,266
6–8_year,266
18,266
night,265
manner,264
redplum,264
memor,264
mossi,264
prior,263
transit,263
impecc_balanc,263
tawni,262
hang,262
roast_nut,262
07,262
winner,261
us,261
root,261
mapl,261
alexand_valley,261
evok,260
abil,260
lilac,260
liveli,260
immedi_appeal,260
break,260
loam,259
sustain,259
chocolatecov,259
leaner,259
parti,259
plastic,259
blockbust,258
bubblegum,258
project,258
marsann,257
campfir,257
pucker,257
peach_pit,256
exceed,256
drink_now–2025,255
cocoa_powder,255
tree,255
teas,255
prime,255
honeycomb,255
passionfruit,255
six_month,255
mesh,254
energet,254
purpl_color,254
golden_appl,254
sexi,254
son,254
genuin,254
acacia,253
shock,252
natur_rubber,252
act,251
southern,251
iodin,251
tangerin_zest,251
oakbas,251
neither,250
spin,250
american,250
list,250
noir,250
altern,250
subt,249
issu,249
go_anywher,249
group,249
undercurr,248
peopl,248
fine_ground,248
respect,248
montepulciano,248
foxi,248
sancerr,248
question,248
rocki,247
inher,247
increas,247
spray,247
worthi,247
around_edg,247
drink_2024,246
weav,246
malolact_ferment,246
barrel_influenc,246
cinsault,246
territori,246
track_record,246
vineyard_site,245
lightest,245
alongsid_brace,245
fullflavor,245
check,245
wild_mushroom,245
especi_price,245
monastrel,244
damp,244
counterpoint,244
late_2017,244
freshen,244
favorit,244
puls,244
must,244
flair,243
lanolin,243
expert,243
alicant_bouschet,242
sanguin,242
water,242
kabinett,242
right_front,242
2025,242
tuscan,241
moscato,241
finest,241
icon,241
pork,241
darkskin_berri,240
tingl,240
dinner,240
umami,240
suprem,240
tend,240
pass,240
pervad,240
slope,239
tire_rubber,239
recent,239
sonoma_coast,239
fore,239
might_expect,239
aglianico,239
inc,239
salmon,238
santa_barbara,238
young_vine,238
lock,238
ranch,237
road,237
acr,237
former,236
tell,236
syrah_mourvèdr,236
flatter,236
piefil,236
aliv,235
tantal,235
saffron,235
ausles,235
least_five,235
gingerbread,234
savor,234
grenach_mourvèdr,234
immatur,234
rosso,234
smoke_ham,234
prune_raisin,233
undeni,233
wall,233
laden,233
coars,233
okay,233
head,232
save,232
chemic,232
barriqu,232
grab,232
reput,232
stellar,231
wellcraft,231
clay,231
cough_drop,231
apart,231
variet_correct,231
pasta_dish,231
hot_alcohol,231
cost,231
till_earth,230
spread,230
evolut,229
refer,229
pile,229
spanish_broom,228
grand,228
spanish,228
abras,228
christma_spice,228
chenin,228
past_vintag,228
brine,227
mandarin_orang,227
set_stage,227
cracker,227
whisper,227
next_five,227
ham,227
vine_plant,226
convinc,226
prefer,226
phenol,226
spätlese,226
bread,226
stout,226
land,225
pinot_meunier,225
signal,225
torronté,225
cinnamon_nutmeg,225
toro,224
33,224
premier_cru,224
translat,224
spri,224
overoak,224
dosag,224
santa,223
sweettast,223
spain,223
85,223
34,223
keep_thing,223
zweigelt,223
depend,223
grape_grown,222
feral,222
alcohol_level,222
accept,222
alongsid_assert,221
perki,221
hibiscus,221
chianti,221
southern_itali,221
old_world,220
doubt,220
barrel_select,220
powderi,220
bittersweet_chocol,220
buy,219
leftov,219
zip,219
would_benefit,219
cranberri_pomegran,218
need_soften,218
attent,218
firmer,218
next_sever,218
recogn,218
valuepr,218
treat,218
key,217
edna_valley,217
fizz,217
seven_hill,217
upscal,217
drink_now–2017,216
jumbl,216
petit,216
effortless,216
9193_barrel,216
meld_togeth,215
ampl_weight,215
closegrain_tannin,215
without_ani,215
sassafra,215
drunk_young,214
effus,214
dainti,214
clampi,214
lime_pith,214
avail,214
weigh,214
briari_brambl,214
unwind,213
lake_counti,213
domain,213
regist,213
napa_cab,213
two_three,213
quaff,213
crowdpleas,212
confid,212
specif,212
evoc,212
9294_barrel,212
determin,212
aciddriven,211
paso,211
staunch,211
box,211
akin,211
attribut,211
ordinari,211
today,210
insid,210
authent,210
nativ_grape,210
mere,210
bordeauxstyl,210
heavier,210
tomatoey,209
reedi,209
abrupt,209
smallproduct,209
segu,209
lift_glass,208
easytodrink,208
team,208
rhône_blend,208
etch,208
stretch,208
hope,208
liquor,208
shave,207
field_blend,207
suit,207
monterey,207
sherri,207
di,207
12_month,206
shoe_polish,206
strain,206
magnific,205
vineyard_plant,205
folk,205
verg,205
float,205
creep,205
blanc_de,205
taster,205
albeit,204
wide_avail,204
bring_togeth,204
woven,204
nervous,204
field,204
acacia_flower,204
compens,204
everyon,204
express_nebbiolo,204
portlik,204
50_new,203
vineyard_design,203
sweettart,203
ripest,203
argentina,203
rosso_di,203
oakvill,202
northern,202
elus,202
lightfoot,202
bark,202
tempt,202
licoric_root,202
good_job,202
2002,202
trail,201
moder_alcohol,201
malvasia,201
basil,201
cocktail_sipper,201
barbera_dasti,201
pioneer,200
provenc,200
imagin,200
slick,200
marlborough,200
beguil,200
rough_edg,200
risotto,200
anisett,199
hold_togeth,199
order,199
cassi_liqueur,199
theme,199
vigor,199
press_rose,199
freshest,199
explor,199
scouri,199
lay,198
mixtur,198
pea,198
condens,198
arinto,198
profound,198
would_work,198
fame,198
whole_lot,198
first_sniff,197
cucumb,197
reason_price,197
watch,197
portug,197
babi,197
retic,197
interplay,196
glorious,196
eye,196
roast_pork,196
mar,196
bergamot,196
pull_togeth,196
mesquit,196
bread_crust,196
smack,195
appli,195
nectarin_zest,195
eight_year,195
crack,195
sur_lie,195
vast,195
least_six,195
greet,194
welloak,194
freshcut,194
develop_quick,194
cool_climat,194
willamett_valley,194
raspi,194
via,194
decept,194
tomato_sauc,194
pulp,194
rather_later,193
bone,193
dot,193
highend,193
anderson_valley,193
clip,193
deni,193
utter,193
tough_gritti,193
gewürz,193
brighter,192
ferment_stainless,192
peppermint,192
grüner_veltlin,192
howel_mountain,192
veneer,192
enter,192
rate,192
anjou_pear,191
aris,191
princip,191
glimps,191
lemon_custard,191
sonoma_counti,191
iri,190
showi,190
jolt,190
take_shape,190
yakima_valley,190
associ,190
fair_amount,190
lime_kiwi,190
03,190
alongsid_finegrain,189
soav,189
immacul,189
drink_sooner,189
23,189
generat,189
partial,189
sculpt,189
cooki,189
biodynam,189
chisel,189
lateharvest,189
friulano,189
rubycolor,189
great_apéritif,189
leav_astring,188
confectionari_note,188
warmclim,188
unabash,188
golden_mango,188
studi,187
light_feet,187
melon_rind,187
soy_sauc,187
petal,187
fail,187
mysteri,187
co,187
fruitier,187
tropicalfruit,187
2007_vintag,187
2023,186
underlin,186
alvarinho,186
portfolio,186
reinforc,186
technic,186
foam,186
cahor,185
powder_sage,185
steep,185
dollop,185
uplift,185
throw,185
tast_twice,185
picnic,185
peek,184
amplifi,184
oyster,184
happi,184
bigbon,183
darkberri,183
quintessenti,183
satini,183
sinewi,183
singl,183
vie,183
oak_cask,183
next_decad,183
offput,183
various,182
sangioves_10,182
modest_alcohol,182
rhônestyl_blend,182
execut,182
drink_now–2014,182
punctuat,181
outsid,181
mediumterm_age,181
none,181
new_releas,181
lead_pencil,181
lime_peel,180
practic,180
proportion,180
tight_knit,180
wintergreen,180
greet_nose,180
compromis,180
sooth,180
thrill,180
price_rang,180
barbera_dalba,180
stop,179
portion,179
first_sip,179
endow,179
puré,179
plus_side,179
soav_classico,179
28,178
deserv,178
slightest,178
rim,178
ponder,178
mulchi,178
twothird,178
rose_violet,177
kumquat,177
grill_sage,177
32,177
instant,177
grit,177
moreish,177
goat_chees,177
next_2–3,177
weird,177
crystallin,176
gigant,176
fuller,176
introduct,176
grill_beef,176
columbia_valley,176
send,176
captiv,176
mediumlong,176
bigtim,176
llc,176
15_alcohol,176
better_known,175
monster,175
nonvintag,175
coax,175
organ_grown,175
scream,175
napa_cabernet,175
detect,175
unoak_chardonnay,175
tomato_vine,174
beli,174
west,174
greenfruit,174
21,174
shell,174
talc_powder,174
glass_stopper,174
grain,173
grapefruit_pith,173
mediterranean,173
08,173
next_6–8,173
drink_now–2013,173
ahead,172
young_stage,172
roast_beef,172
reliabl,172
year_ago,172
australian,172
2001,171
overrid,171
jump_glass,171
ocean,171
ridg,171
seen,171
gold,171
rutherford,171
face,171
40_new,170
lower,170
alpin_herb,170
cling,170
job,170
straw,170
maraschino,170
marasca,170
curri,170
oliv_tapenad,170
tier,170
engag,169
late_2016,169
carri_onto,169
alentejo,169
content,169
aim,169
rounder,169
mind,169
crust,169
barbecu_sauc,169
collect,169
hickori_smoke,168
cider,168
unexpect,168
fulli_develop,168
attack,168
blend_75,168
dão,168
cooper,168
atyp,168
run_toward,168
superbl,167
blend_85,167
hardedg,167
jalapeño,167
press_flower,167
velvet_textur,167
rise_glass,167
late_harvest,167
remind,167
medium_length,167
courtesi,167
avoid,167
loir,167
mushroomi,167
neutral_french,166
24,166
reli,166
reverber,166
long_haul,166
figur,166
chateau,166
nobl,166
made_popular,166
pie_crust,165
intensifi,165
blanket,165
augment,165
signal_close,165
marvel,165
santa_lucia,165
master,165
wellripen,165
edit,165
gravelli,164
crush_rock,164
fulli_integr,164
taken,164
piedmont,164
violet_rose,163
price_point,163
slight_oxid,163
liven,163
22,163
nerello_mascales,163
slow,163
trebbiano,163
pepper_bridg,163
mash,162
brick,162
relax,162
ok,162
raspberri_compot,162
individu,162
without_heavi,162
viura,162
sassi,162
apéritif_style,162
unfocus,162
semillon,162
obscur,162
2021,161
medley,161
drawn,161
coast,161
gamay,161
ring,161
william,161
sensual,161
went,161
swamp,161
vagu,160
bubbl_gum,160
justrip,160
french_american,160
prop,160
puckeri,160
nevertheless,160
sweetandsour,160
keen,160
spanish_cedar,160
8991_barrel,160
drink_2018–2028,159
feed,159
emerg_glass,159
fullthrottl,159
38,159
powder_sugar,159
beef_stew,159
anyon,159
unfortun,159
glyceriney,159
hous_style,159
drink_now–2010,159
simultan,158
lurk,158
rein,158
still_retain,158
struck_flint,158
tender,158
beneath,158
marlborough_sauvignon,158
electr,158
crowd,158
sun,157
tinta_roriz,157
olallieberri,157
breadth,157
everi_way,157
previous,157
classic_napa,157
come_mind,157
chanc,157
talcum_powder,157
neat,157
onethird,157
glycerin,157
wet_slate,156
airi,156
19,156
shimmer,156
unintegr,156
fring,156
oldfashion,156
sensuous,156
oakinspir,156
sausag,156
support_role,156
follow_suit,156
pyrazin,156
stimul,156
09,156
ensur,155
bruiser,155
sonoma,155
ancient,155
matchstick,155
lemonad,155
yummi,155
australia,155
65,155
epitom,155
get_job,155
argentin,155
leafi_underbrush,154
oldest,154
third,154
bosc_pear,154
entic_scent,154
ice_cream,154
reserva,154
tea_leav,154
past_prime,154
char_meat,154
upright,154
meat_chees,154
lettuc,154
anoth_five,154
dole,154
wow,154
cross,154
artifici,154
merit,154
alert,154
nativ,154
applesauc,154
gummi,154
magic,154
2005_vintag,154
8890_barrel,154
countrystyl,154
minim,153
identifi,153
42,153
hold_onto,153
pump,153
biscuit,153
stew_prune,153
wet_cement,153
brought,153
bowl,153
terribl,153
finger_lake,153
sea,152
ynez,152
clover,152
gardenia,152
100_cab,152
undertow,152
rib,152
1–2,152
judici,151
return,151
deriv,151
fast,151
intox,151
long_hangtim,151
tartar,150
horsey,150
room,150
heavyweight,150
energ_miner,150
tend_toward,150
high_level,150
95,150
cideri,150
sierra_foothil,150
rule,150
lasagna,150
suffer,150
next_month,149
construct,149
barrelag,149
highland,149
grapefruit_peel,149
coffe_grind,149
smother,149
longtim,149
gaseous,149
extra_dimens,149
blaufränkisch,149
les,149
meringu,149
decant_befor,149
least_four,149
il,149
san,148
viscos,148
permeat,148
cloak,148
boister,148
cumin,148
aerat,148
seek,148
caress,148
hidden,148
pithi_bitter,148
felin,148
dryish,148
next_10,148
six,148
embrac,147
awesom,147
prepar,147
veil,147
immedi_drinkabl,147
wide_rang,147
nofuss,147
alcohol_heat,147
captur_remain,146
candi_ginger,146
life_ahead,146
island,146
plain,146
eventu,146
virtu,146
wax,146
dust_cocoa,146
blood_orang,146
decant_hour,146
indigen,146
2010_vintag,146
fragrant_blue,146
deliveri,146
5–10,146
warmth_alcohol,145
lemon_meringu,145
quinta,145
finegrain,145
breadi,145
5–7,145
vinifi,145
pushi,145
reservelevel,145
never_lose,145
suffici,145
fizzi,145
lifesav,145
creamytextur,145
review,145
restaur,145
flinti_miner,144
situat,144
2024,144
tighten,144
vari,144
fullforc,144
process,144
organ_farm,144
unpleas,144
readi_enjoy,144
strawberri_preserv,144
longev,144
gradual,144
mushi,144
improv_next,144
held_back,144
caramel_butterscotch,144
spark,143
garnet_color,143
themselv,143
splendid,143
histori,143
barossa,143
muscadet,143
meanwhil,143
endnot,143
4–6_year,143
moscato_dasti,143
corner,142
seven,142
ciel_du,142
poultri,142
drink_2018–2025,142
lighten,142
camphor,142
vinegar,142
pale_pink,142
casual,142
next_two,142
allpurpos,142
everyday_fare,142
bonarda,142
adorn,141
unfold_glass,141
latex,141
first_releas,141
heat_alcohol,141
asid,141
spike,141
disappear,141
brittl,141
buttress,141
priorat,141
5050,141
mendocino,141
toast_bread,140
lemon_oil,140
brush,140
meursault,140
smaller_amount,140
lemon_verbena,140
borderlin,140
benchmark,140
dijon_clone,140
furri,140
tighter,140
hamburg,140
hot_summer,140
pruney,140
alreadi_access,139
31,139
inspir,139
floral_fragranc,139
suav,139
ensembl,139
drinker,139
indigen_grape,139
simplic,139
richest,139
lean_compact,139
margaux,138
extravag,138
musk,138
creek,138
biggest,138
model,138
made_nativ,138
arguabl,138
flavorwis,138
juxtapos,138
wayward,138
virtual,138
breezi,137
shown,137
near_term,137
prickl,137
alicant,136
assort,136
saddl_leather,136
northern_rhône,136
alsac,136
melon_papaya,136
appeal_fan,136
rank,136
rush,136
northeast_itali,136
ambiti,135
atlas_peak,135
bakingspic,135
ice,135
lilt,135
ribolla_gialla,135
overshadow,135
fluid,135
matter,135
sauv_blanc,135
sushi,135
marin_spirit,134
separ,134
hover,134
burst_glass,134
grapefru,134
mention,134
intermingl,133
creami_mouss,133
lemberg,133
shower,133
grillo,133
dinner_tabl,133
immedi_access,133
bandaid,133
quick_fade,133
yellowfruit,133
blend_55,133
handsom,133
winter,133
transpar,133
fault,133
lemon_pith,132
tini_bit,132
whole_cluster,132
grower,132
maximum,132
rosato,132
tertiari,132
latest,132
highalcohol,132
somewher,132
besid,132
add_dimens,132
bullish,131
crianza,131
climat,131
glaze,131
abl,131
thought,131
drink_2020–2030,131
tank,131
stark,131
mouth_water,131
singlevineyard_pinot,131
fruitcak,131
fortifi,131
confus,131
piec,131
percent,131
2004_vintag,131
editor_choic,131
district,130
lobster,130
lamb_chop,130
unyield,130
squeez_lemon,130
intertwin,130
portugues,130
garden,130
hit_right,130
bar,130
gone,130
clacki,130
set_apart,130
befit,130
lifesav_candi,130
mont,130
whiff_barnyard,129
ventur,129
plumskin,129
held_togeth,129
max,129
guarante,129
monoton,129
2009_vintag,129
hour_decant,129
55,129
recent_vintag,129
nougat,129
upon,129
exagger,129
german,129
innocu,129
dress,128
continu_improv,128
befor_releas,128
second_label,128
context,128
seduc,128
light_airi,128
cigarbox,128
moss,128
fullfruit,128
blaze,128
shortag,128
hors_heaven,128
one_dimension,128
poach_pear,127
nectar,127
revit,127
pictur,127
combo,127
jump,127
alon,127
spiki,127
diesel,127
sweetsmel,127
better_2017,126
grill_fish,126
heighten,126
opposit,126
set_scene,126
grown_grape,126
pineappl_guava,126
read,126
propel,126
factor,126
davola,126
next_four,126
2006_vintag,126
squar,125
terrif_valu,125
nod,125
26,125
flaw,125
duck,125
thrown,125
authorit,125
st_helena,125
fit_well,125
proud,125
impenetr,125
much_els,125
sangiovesebas,125
exemplari,124
degre,124
absolut_delici,124
imprint,124
frontload,124
caus,124
led,124
nacido,124
overthetop,124
pruni,124
villa,124
stainlesssteel_ferment,123
goto,123
pack_punch,123
readi_go,123
establish,123
desir,123
bien,123
clove_nutmeg,123
fish_dish,123
express_nero,123
get_past,123
recent_year,123
revel,122
sheen,122
pair_pasta,122
chalk_soil,122
capabl,122
bittersweet,122
entertain,122
tight_woven,122
hungarian,122
rip,122
merg,122
sunshin,122
drizzl,122
endless,122
disclos,122
36,122
palateco,122
charg,122
oakinfus,122
moist_tobacco,122
gl_residu,121
gris,121
thing_go,121
percentag,121
darkskin,121
trick,121
altogeth,121
teriyaki,121
rosehip_tea,121
specimen,121
margin,121
cream_sauc,121
good_buy,121
slide,121
mencía,120
estat_grown,120
squeez_lime,120
stori,120
critic,120
santa_maria,120
santa_rita,120
could_easili,120
nearperfect,120
marc_de,120
pillowi,119
happen,119
mustard,119
lowalcohol,119
stack,119
bed,119
minor,119
gewurztramin,119
afford_price,119
pungenc,119
henc,119
nail_polish,119
fade_quick,119
one_hand,119
terribl_complex,119
sagrantino,119
low_price,119
grazia_select,119
bluefruit,118
cofer,118
yogurt,118
great_swath,118
43,118
beg,118
steak_chop,118
jasmin_honeysuckl,118
rosewat,118
greenlean,118
vertic,118
scallion,118
persist_bubbl,118
stocki,118
fade_away,118
pull_back,118
mouthpuck,118
tealik,118
came,118
spicedriven,118
almost_anyth,118
express_barbera,118
south_african,118
wildman,118
energ,117
shrimp,117
alongsid_backbon,117
culmin,117
southern_rhône,117
glimmer,117
prevail,117
uncommon,117
wellround,117
one_third,117
soul,117
carbon,117
amber_color,117
pauillac,117
servic,117
vanillin,117
seed,117
ribera,117
great_job,117
bresaola,117
sandpaperi,117
primarili,117
import_frederick,117
sublim,116
rose_water,116
come_fore,116
blackpepp,116
replac,116
talk,116
annot,116
stillyoung,116
beetroot,116
pricey,116
sweat,116
selyem,116
sundrench,116
role,116
mandarin,116
understand,116
hermitag,116
five_bordeaux,116
finger_food,116
cheval,115
oodl,115
whiff_game,115
crispli_defin,115
cement,115
fire,115
percept,115
39,115
high_proport,115
pliant,115
spare,115
wrong,115
true_varieti,115
grill_sausag,115
cheeseburg,115
foot,114
deepli_color,114
oregano_thyme,114
sharper,114
everyday_price,114
ribera_del,114
spoil,114
gather,114
immedi_enjoy,114
thirstquench,114
decor,114
testament,114
mendoza,114
gooey,114
eccentr,114
suitabl,113
marjoram,113
provenç_herb,113
cellarworthi,113
blend_65,113
neighbor,113
encount,113
rhônestyl,113
whether,113
quaf,113
opaqu,113
difficult_vintag,113
plate,113
greek,113
sell,113
smaller_percentag,113
whatev,113
impress_sheer,113
mainstream,113
buck,113
9395_barrel,113
condit,112
vineyard_locat,112
vanilla_cooki,112
seam,112
châteauneufdupap,112
elderflow,112
smoke_nut,112
huckleberri,112
porcini_mushroom,112
orangepeel,112
nail,112
gala_appl,112
dust_cinnamon,112
nt_look,112
central,112
bounc,112
dip,112
pollen,112
sharpli,112
attempt,112
repris,112
happili,112
chines,112
shut,112
oak_treatment,112
qualifi,112
citi,112
grill_lamb,112
count,112
trademark,112
sorbet,111
fuel,111
conjur,111
sirah,111
duero,111
greenherb,111
appleskin,111
occas,111
sunripen,111
unit,111
saw,111
buttercup,111
testarossa,111
undoubt,111
gambl,111
02,111
klipsun,110
complet_pictur,110
matur_blackskin,110
oak_knoll,110
volumin,110
sheer_power,110
float_glass,110
road_tar,110
swallow,110
clementin,110
interfer,110
asian_fare,110
account,110
develop_addit,110
beef_dish,110
crush_granit,110
drink_2030,109
topnotch,109
beauti_craft,109
poke,109
one_itali,109
smoother,109
toast_walnut,109
equal_measur,109
beaun,109
versatil_food,109
conclud,109
commend,109
tea_leaf,109
chaparr,109
next_coupl,109
agil,109
graciano,109
discern,109
moscatel,109
hour,109
wide_varieti,109
patienc,109
america,109
broader,109
granular,109
perfect_companion,109
pair_partner,109
anoth_decad,108
beam,108
cashew,108
bordeaux_grape,108
highest,108
though_label,108
paint,108
gran_reserva,108
better_2016,108
astonish,108
peanut,108
overextract,108
could_benefit,108
ampli,108
screw_cap,108
pineappl_custard,108
negroamaro,108
overrip_raisin,108
wahluk_slope,108
ultrarich,108
mount_veeder,107
burnt_rubber,107
fri,107
multipl,107
imposs,107
slight_chill,107
tail,107
washington_state,107
nondescript,107
proven,107
cuisin,107
melt_butter,107
idea,107
inki_color,107
leav_behind,107
bet,107
disposit,107
intent,106
southern_oregon,106
steal,106
second_vintag,106
pommard,106
bring_mind,106
pasti,106
man,106
path,106
radiant,106
stubborn,106
mouthcleans,106
orang_oil,106
green_pea,106
2000,106
nice_job,106
next_3–4,106
briney,106
greec,106
memori,105
greatest,105
brash,105
etna,105
smash,105
20_month,105
author,105
underlay,105
shoot,105
chocolatecov_raisin,105
confer_pear,105
mirabell_plum,105
wellmanag,105
relat_low,105
macer,105
oakderiv,105
soak,105
pound,105
underdevelop,105
moist_pipe,105
trade,105
briar,105
tight_coil,104
great_deal,104
garden_herb,104
27,104
sharpedg,104
fullerbodi,104
brother,104
delin,104
pair_lamb,104
shear,104
counois,104
knockout,104
fundament,104
lowacid,104
ten_year,104
excel_valu,104
bulk,104
substant,104
austrian,104
erupt,104
ident,104
brief_decant,104
bordeauxlik,104
hard_resist,103
pine_nut,103
overlook,103
candl_wax,103
forefront,103
status,103
calistoga,103
short_rib,103
anoth_sip,103
milki,103
blood,103
cofer_viognier,103
beat,103
puglia,103
like_liquid,103
9092,103
2030,102
brown_butter,102
granit_soil,102
scale,102
andor,102
sneak,102
larger,102
proof,102
downright,102
char_beef,102
believ,102
demur,102
sight,102
warrant,102
take_away,102
blowsi,102
sunbak_earth,101
liquid,101
bounti,101
debut,101
fleck,101
famili_estat,101
trio,101
end_2014,101
unfilt,101
wet_clay,101
cloud,101
cabernet_sauvignonbas,101
followup,101
bouquet_redol,101
anywher,101
crush_velvet,101
whack,101
grosso,101
chocolatey,100
godello,100
date_back,100
unfurl,100
sensibl,100
develop_slowli,100
premier,100
tast_bud,100
10_month,100
limeston,100
dure,100
might_want,100
terroirdriven,100
northwest,100
herbinfus,100
span,100
fit_bill,100
steak_lamb,100
pg,100
rasp,100
thicker,100
custardi,100
dusti_asian,100
incorpor,99
pine_forest,99
sum,99
latter,99
without_lose,99
sail,99
sourcherri,99
purest,99
encas,99
overbear,99
gem,99
veteran,99
east,99
loosen,99
heavyhand,99
coastal_tuscani,99
now–2013,99
9193,99
—sh,99
grill_salmon,98
beef_char,98
stabl,98
wait_2018,98
brimston,98
younger,98
big_bur,98
load_finess,98
29,98
two_third,98
fatti,98
persist_perlag,98
earl_grey,98
scatter,98
momentum,98
overrip_raisini,98
veal,98
price_tag,98
hard_tell,98
import_via,98
crush_slate,97
quantiti,97
ruddi,97
spring_blossom,97
rippl,97
put_togeth,97
gum,97
ebulli,97
tug,97
telltal,97
slightest_hint,97
lunch,97
potato,97
perfect_match,97
bacon_sandalwood,97
air_freshen,97
umbria,97
long_island,97
prosecco_brut,97
three_four,97
exampl_varieti,96
rust,96
sting,96
autumn,96
anoth_coupl,96
marriag,96
connect,96
prove_quit,96
négociant,96
wake,96
final_burst,96
made_70,96
cleancut,96
window,96
foothil,96
pizza_pasta,96
subsid,96
legendari,96
suppos,96
aperitif,96
spicebox,96
vinous,96
9294,96
9496_barrel,96
charcuteri,95
interwoven,95
untam,95
sunkiss,95
scorch_soil,95
highoctan,95
pit,95
slip,95
lighter_side,95
cinnamon_stick,95
youth_assert,95
various_vineyard,95
stylist,95
evidenc,95
shift,95
côtes_du,95
40_grenach,95
marin,95
worth_tri,95
whitepeach,95
map,95
giant,95
flatten,95
least_10,95
seafood_dish,95
cherryskin,95
simpl_genuin,95
zinni,95
delic_feminin,95
feet,94
section,94
cast,94
histor_vineyard,94
drink_2018–2030,94
purchas,94
butter_nut,94
crowd_pleaser,94
fernão,94
pire,94
citrusdriven,94
mighti,94
stream,94
flirt,94
big_brawni,94
rusti_color,94
appley,94
10_mourvèdr,94
perk,94
deep_gold,94
mingl_easili,94
abv,94
darken,94
sprinkl_cinnamon,94
medium_term,94
classico,94
dough,94
skurnik,94
lot_peopl,94
brunello_riserva,94
strawberri_watermelon,93
wound,93
catch,93
gravenstein_appl,93
mediterranean_brush,93
warm_climat,93
sourdough,93
el,93
stock,93
direct_appeal,93
lack_subtleti,93
pleas_sens,93
loos,93
oppos,93
limitedproduct,93
beach,93
mistak,93
redappl,93
candid,93
rusti,93
lake,93
shrill,93
earn_extra,93
veggi,93
cherryflavor,93
hard_imagin,93
wait_2017,92
best_2019,92
heat_evid,92
tight_nervi,92
awash,92
deepen,92
semisweet_riesl,92
darkcolor,92
watermelon_strawberri,92
allur_scent,92
castl,92
nofril,92
curios,92
function,92
silk,92
saintemilion,92
slight_confect,92
mold,92
tramin,92
leaven,92
walk,92
harder,92
big_parti,92
devoid,92
mesquit_wood,92
highqual,92
import_robert,92
revolv,92
slather,91
provenc_rosé,91
newwood,91
daughter,91
onion,91
slowli_reveal,91
skin_contact,91
fullon,91
shame,91
consult,91
oldschool,91
creamier,91
mediumintens,91
rosepet,91
among_best,91
37,91
denser,91
rough_around,91
castelão,91
lemondrop,91
smoke_salmon,91
jacket,91
tune,91
anoth_2–3,91
rhubarb_pie,91
ultraclean,91
casablanca,91
limelik,91
verdicchio,91
add_welcom,91
grigio,91
view,90
wisp,90
vanilla_wafer,90
oliv_oil,90
riot,90
violet_lavend,90
semidri_riesl,90
upandcom,90
western,90
grill_chicken,90
anim_hide,90
brawn,90
greener,90
mayb_even,90
scent_candl,90
sever_hour,90
meat_pasta,90
various_american,90
spici_thai,89
wet_rock,89
rais,89
let_breath,89
crispest,89
14_month,89
pliabl,89
necessari,89
pinkgrapefruit,89
spend,89
pop_cork,89
encourag,89
keep_everyth,89
toast_brioch,89
frappato,89
evid_alcohol,89
drinkmenow,89
store,89
clos,89
mediumful,89
crop,89
nearterm_drink,89
carnat,89
would_match,89
tuna,89
hedgerow,89
ashi,89
nt_bad,89
embellish,89
24_month,89
afternoon,89
ask,89
aloof,89
rosé_sparkler,89
captur_essenc,88
rigid,88
absorb,88
rose_hip,88
greenplum,88
violet_iri,88
16_month,88
stag_leap,88
clamp,88
least_2020,88
sea_breez,88
straddl,88
exemplifi,88
médoc,88
heritag,88
openknit,88
even_richer,88
onethird_new,88
option,88
bargainpr,88
champoux,88
beef_lamb,88
91–93,88
90_sangioves,87
organ_grape,87
small_parcel,87
bakedappl,87
midway,87
unveil,87
top_cuvé,87
progress,87
accord,87
spoton,87
48,87
glow,87
ultra,87
diamond_mountain,87
relat_quick,87
slight_spritz,87
tangerin_peel,87
kosher,87
diffus,87
strip,87
wellbuilt,87
farmyard,87
longliv,87
navarran,87
inland,87
escap,87
grill_seafood,87
moist_soil,87
meritag,86
pert,86
lurk_background,86
mull,86
honeysuckl_jasmin,86
lightheart,86
composit,86
dark_garnet,86
smoothtextur,86
benefit_time,86
sourc_entir,86
took,86
made_90,86
sit_atop,86
skill,86
toast_marshmallow,86
drink_2026,86
fight,86
shadow,86
upon_entri,86
hawk_bay,86
15_month,86
camp,86
new_brand,86
heap,86
discov,86
fruitfil,86
would_expect,86
strawberryflavor,86
particular_subtl,86
recogniz,86
largest,86
caramelli,86
next_eight,86
sardinia,86
almond_nut,86
dappl,85
roast_lamb,85
leap_glass,85
easytolik,85
converg,85
mace,85
quinin,85
often_found,85
unresolv,85
advanc,85
verdelho,85
burnt_sugar,85
asian_food,85
delect,85
straightahead,85
mosel,85
malolact,85
pinpoint,85
offici_alcohol,85
strap,85
rocksolid,85
march,85
thin_wateri,85
onli_stainless,85
sauté_mushroom,85
cellar_candid,85
145_alcohol,85
fine_grain,84
provid_backbon,84
dryfarm,84
rariti,84
44,84
unleash,84
bound,84
côte_de,84
morgan,84
monolith,84
finetun,84
purpos,84
intend,84
eastern,84
crab,84
rdd,84
blossomi,84
suggest_ageabl,84
sangioves_20,84
zone,84
equival,84
viognier_roussann,84
drinknow,84
superfru,84
chestnut,84
true_variet,84
mushu_plum,84
pernod,84
import_palm,84
prosecco_superior,84
90–92,84
spade,83
salmon_color,83
lighter_color,83
middl_eastern,83
straw_color,83
counterpart,83
youth_auster,83
mt,83
orient_spice,83
stunner,83
mendocino_counti,83
bread_dough,83
lower_alcohol,83
château_de,83
sniff,83
scorch,83
dirt,83
doubl,83
wellknown,83
keep_hand,83
svelt,83
mirabell,83
stride,83
cudd,83
chip,83
ago,83
arriv,83
shed,83
fiano,83
seafood_salad,83
pomegran_persimmon,83
cheesi_pasta,83
modern_cult,83
lumin_golden,83
sangioves_15,82
pale_salmon,82
weav_togeth,82
exist,82
low_yield,82
core_surround,82
prickl_tongu,82
live_mouss,82
belong,82
fulli_ripen,82
nt_let,82
vanillating,82
boot,82
anoth_month,82
merest_hint,82
notch,82
press_blue,82
art,82
medicin_cabinet,82
13_alcohol,82
alcohol_warmth,82
roast_hazelnut,82
new_york,82
cure_beef,82
import_compani,82
granola,82
vino_nobil,82
chock_full,81
secur,81
upscal_fare,81
eight_month,81
drip,81
david,81
exposur,81
subregion,81
inoffens,81
myriad,81
clock,81
lazi,81
rhône_varieti,81
met,81
fall_away,81
pud,81
soup,81
bourbon_barrel,81
unrip_veget,81
dessert_pastri,81
michell,81
need_greater,81
beer,81
teriaki_beef,81
competit,81
portstyl,81
now–2012,81
import_wilson,81
daniel_ltd,81
92–94,81
enjoy_2019,80
come_aliv,80
cellar_floor,80
matur_darkskin,80
consum_next,80
eventu_reveal,80
anise,80
malvasia_nera,80
weightless,80
whistl,80
whiteflow,80
mexican,80
wood_grain,80
claret,80
lighter_bodi,80
overal_effect,80
20_grenach,80
chestnut_honey,80
therefor,80
ink,80
without_excess,80
doughi,80
wildberri,80
continu_evolv,80
livermor_valley,80
del,80
applic,80
least_three,80
mourvèdr_grenach,80
southern_rhônestyl,80
easi_drinker,80
bbq,80
sarsaparilla,79
côte_des,79
blow_away,79
cri,79
centuri,79
volcan_soil,79
sediment,79
austria,79
30_grenach,79
clos_de,79
unmistak,79
indian,79
built_upon,79
straight_line,79
clunki,79
slowli_emerg,79
european,79
period,79
pay,79
bore,79
innov,79
vintag_port,79
sauvag,79
breath_glass,79
prevent,79
would_score,79
import_usa,79
best_describ,79
thank_natur,79
height,78
overtak,78
drink_2017–2022,78
drili_tannic,78
baconi,78
glori,78
lead_onto,78
2026,78
record,78
sommeli,78
asian,78
summertim,78
acacia_honey,78
candylik,78
multifacet,78
sweetish,78
brief,78
commerci,78
extrem_dryness,78
everi_day,78
red_willow,78
near_perfect,78
palpabl,78
label_say,78
hit_stride,78
rapid,78
offbeat,78
sangioves_canaiolo,78
nz,78
cocoa_nib,78
mountaingrown,77
proprietari,77
sautern,77
laid_across,77
collabor,77
stillwat_creek,77
hors,77
noth_shi,77
palatepleas,77
galor,77
ahi,77
damp_earth,77
rare_find,77
mango_papaya,77
wheat,77
aussi,77
wet_soil,77
caramel_toffe,77
local_grape,77
version_varieti,77
sonoma_valley,77
work_togeth,77
broad_mouthfil,77
intrus,77
inyourfac,77
gingersnap_cooki,77
treatment,77
7030_blend,77
formula,77
pair_seafood,77
power_determin,77
import_empson,77
boushey_vineyard,77
potenc,77
8789_barrel,77
drink_2018–2023,76
strawberri_hull,76
drink_2017–2025,76
sister,76
chime,76
cradl,76
wet_dog,76
zero,76
soar,76
vernaccia,76
outright,76
five_grape,76
14_alcohol,76
deep_rubi,76
drench,76
1999,76
represent,76
requisit,76
specialist,76
contempl,76
given_extra,76
pomegran_rhubarb,76
tint,76
meander,76
tip,76
name_refer,76
oakinfluenc,76
smaller,76
els,76
seven_year,76
must_come,76
troubl,76
usa_ltd,76
2003_vintag,76
everyth_els,76
dreyfus,76
gingeri,75
lemonlim_soda,75
drink_now–2019,75
clench,75
thyme_bay,75
arugula,75
fruitflavor,75
outlook,75
rather_fleet,75
resist,75
reign,75
balsam_vinegar,75
ownership,75
colorino,75
62,75
spring_mountain,75
47,75
salami,75
develop_fast,75
year_unwind,75
healthi_dose,75
alreadi_drinkabl,75
wrap_sturdi,75
aid,75
bead,75
brut_natur,75
inflect,75
tread,75
catarratto,75
botryt,75
cold_cut,75
cherrypi_fill,75
inaugur_releas,75
faux,75
liter,75
cooki_dough,75
help_soften,75
everi_sip,75
midnight,75
argentinean,75
landmark,75
horseradish,75
put_emphasi,75
cigar_tobacco,75
ste,75
drili,75
nowher_near,75
decent_everyday,75
petroleum,75
import_diageo,75
chateau_estat,75
also_detect,74
closer,74
talc,74
pencil_eras,74
bay,74
cool_site,74
stop_short,74
cinnamonspic,74
velvettextur,74
exterior,74
foil,74
wish,74
bruis_appl,74
monterey_counti,74
sultana,74
worth_search,74
collaps,74
acquir,74
underbelli,74
format,74
ride_high,74
harmoni_whole,74
equal_proport,74
earn,74
split,74
rise_abov,74
6040_blend,74
blow_reveal,74
one_chile,74
eleg_construct,74
vanillainfus,74
ashbi_co,74
laci,73
starter,73
perfect_ripen,73
stir,73
oldest_vine,73
fulfil,73
asian_cuisin,73
bruis,73
palatecleans,73
53,73
block_select,73
spell,73
strident,73
stronger,73
enthusiast,73
cordial,73
complementari,73
crystal,73
cool_coastal,73
jar,73
volcan,73
sodalik,73
capabl_age,73
bargain_price,73
summer_sip,73
les_collin,73
veteran_winemak,73
pecorino,73
tanninacid_structur,73
lamb_beef,73
three_five,73
sold,73
prosecco_extra,73
155_alcohol,73
frank_delici,73
okay_everyday,73
155,73
fourplus,73
laid,72
forestfloor,72
eight,72
grenach_20,72
concord_grape,72
least_decad,72
imbu,72
anim_fur,72
bode_well,72
game_meat,72
citrusflavor,72
destin,72
midweight,72
time_unwind,72
tannic_grab,72
heat_burn,72
sage_thyme,72
john,72
nonvintag_blend,72
built_around,72
conner_lee,72
realli_shine,72
appleflavor,72
wide_appeal,72
cascad,72
petit_manseng,72
underwhelm,72
straddl_line,72
almost_portlik,72
button_mushroom,72
compound,72
candi_bar,72
cold_creek,72
popular_style,72
air_reveal,72
versatil_tabl,72
buffer,72
montepulciano_dabruzzo,72
colombard,71
drink_2018–2026,71
time_breath,71
modernstyl,71
wait_2015,71
blend_52,71
typifi,71
concret,71
dive,71
sunbak,71
terra,71
humus,71
modicum,71
ferment_neutral,71
upon_open,71
pine_resin,71
bundl,71
mediterranean_scrub,71
hard_believ,71
46,71
canaiolo,71
certifi_organ,71
entranc,71
1998,71
befor_fade,71
st_laurent,71
cask,71
midlevel,71
scallop,71
loganberri,71
four_five,71
8–10,71
uneven,71
impos,71
corvina,71
oakier,71
charri,71
reliev,71
falanghina,71
worthi_followup,71
dark_unsweeten,71
honor,70
optim,70
hillsid,70
thyme_oregano,70
south_africa,70
heart_appel,70
oomph,70
tealeaf,70
dissip,70
harmon,70
simpler,70
58,70
farm_grape,70
rudimentari,70
scratch,70
squirt,70
track,70
remot,70
mushroom_risotto,70
socal,70
downsid,70
inzolia,70
fatti_meat,70
oakrel,70
guess,70
lighterstyl,70
approxim,70
145,70
seal_deal,70
real_class,70
marlborough_pinot,70
flight,70
8020_blend,70
aw,70
wineri_regular,70
never_realli,70
sound_everyday,70
shorttomedium_finish,70
biodynam_farm,69
grill_porcini,69
canteloup,69
undergrowth,69
nine_month,69
challeng_vintag,69
blue_chees,69
41,69
arroyo_seco,69
garlic,69
berryflavor,69
diminish,69
limit_ageabl,69
cleaner,69
fri_chicken,69
sole,69
gras,69
one_quarter,69
perfect_proport,69
chilli,69
sit_top,69
volnay,69
plum_pud,69
sever_month,69
sweati_leather,69
see_happen,69
chili_pepper,69
three_differ,69
musti,69
boushey,69
hold_steadi,68
speckl,68
rare_beef,68
one_finest,68
decis,68
drink_2018–2024,68
leg,68
southwest,68
overweight,68
get_tastebud,68
famous_vineyard,68
aragonez,68
whitepepp,68
suppress,68
gros_manseng,68
alreadi_evolv,68
intact,68
field_flower,68
geranium,68
bath_soap,68
plucki,68
dunde_hill,68
cult,68
fynbo,68
toast_grain,68
leonetti,68
papaya_mango,68
crus,68
jicama,68
intellectu,68
melt_milk,68
long_list,68
semidri,68
earthi_mushroomi,68
difficulti,68
campania,68
soften_mellow,68
st,68
corna,67
ball,67
drink_2027,67
link,67
entir_stainless,67
leap,67
2016–2021,67
wholeclust_ferment,67
gaillac,67
125,67
bench,67
techniqu,67
tuna_tartar,67
gentl_fade,67
girth,67
annual,67
pomerol,67
comparison,67
divers,67
trait,67
roussann_viognier,67
brick_dust,67
gutsi,67
mondavi,67
serv_chill,67
go_away,67
pointi,67
glossi,67
blacktea,67
margaret,67
small_quantiti,67
gain_traction,67
getgo,67
jalapeño_pepper,67
sensit,67
eiswein,67
southern_part,67
overblown,67
steam,67
drink_now2015,67
drink_2010–2020,67
warm_weather,67
bell,66
addict,66
anis_seed,66
22_month,66
proprietor,66
instant_appeal,66
hour_two,66
youth_exuber,66
player,66
promis_futur,66
sign_matur,66
materi,66
could_ask,66
foursquar,66
throwback,66
49,66
adventur,66
featheri,66
tapa,66
swing,66
72,66
foie,66
freesia,66
iron_file,66
predict,66
meatloaf,66
layer_upon,66
tanninacid_balanc,66
pool,66
north_coast,66
picolit,66
veer_raisin,66
best_bet,66
fussi,66
tonight,66
tri_2012,66
8991,66
honeysweet,66
ultrarefin,66
boutiqu,65
touriga_franca,65
vie_attent,65
special_select,65
barreldriven,65
unobtrus,65
sibl,65
rhubarb_pomegran,65
blend_51,65
may_help,65
driedfruit,65
tuberos,65
chamomil_tea,65
mineralinfus,65
morph,65
macabeo,65
peach_cobbler,65
rockhard,65
game_dish,65
mingl_togeth,65
grenach_cinsault,65
merlotdomin,65
marsann_roussann,65
insist,65
supersweet,65
almondi,65
hone,65
mediumsweet_riesl,65
baga,65
curvi,65
icewin,65
sandwich,65
delv,65
assembl,65
turn_toward,65
king,65
mclaren_vale,65
tight_drum,65
fennel_seed,65
pasta_pizza,65
sagemoor,65
fri_calamari,65
accomplish,65
poggio,65
9597_barrel,65
vin_santo,65
first_blush,65
iron_hors,65
import_inc,65
import_michael,65
virginia,65
flurri,64
mode,64
numb,64
budget,64
faintest,64
spent_time,64
angl,64
vibe,64
wet_river,64
creosot,64
petaluma_gap,64
tail_end,64
hour_breath,64
fruitladen,64
almostsweet,64
cobbler,64
winemak_team,64
earlier,64
rueda,64
dirti,64
saintestèph,64
vouvray,64
livermor,64
grill_veget,64
domain_de,64
cooler_vintag,64
lemon_chiffon,64
autolyt,64
bit_disjoint,64
move_toward,64
multilay,64
conceal,64
spicier,64
babi_powder,64
nera,64
befor_serv,64
defici,64
99,64
ricard_usa,64
98,64
hot_2003,64
next_4–6,64
easi_nofuss,64
creami_foam,64
grassi_herbac,64
de_provenc,63
bumpi,63
los,63
transluc,63
lyche_mango,63
now–2030,63
advantag,63
talley,63
douro_superior,63
wait_2016,63
mediumterm,63
dig,63
town,63
secret,63
drink_2016–2022,63
rough_half,63
mile,63
saintémilion,63
alreadi_throw,63
cedar_pencil,63
knit,63
plateau,63
preval,63
sous_boi,63
drape,63
hard_appreci,63
wooddriven,63
improv_least,63
fall_flat,63
mediumdri,63
cocoa_dust,63
followthrough,63
turkey,63
alsatian,63
claim,63
search,63
lack_finess,63
fall_apart,63
mingl_glass,63
transform,63
golden_raisin,63
taurasi,63
littleknown,63
tilt_toward,63
bare_accept,63
enrich_smoki,63
talent,63
clos_du,63
partnership,63
gassi,63
thorni,63
less_expens,63
langh,63
baker_chocol,63
rancio,63
interest_altern,63
ramp,63
sure_pleas,63
right_middl,63
crab_cake,63
soap,63
morellino,63
lili,63
least_2025,62
extens,62
filter,62
californian,62
longterm,62
klipsun_vineyard,62
seal,62
need_unwind,62
cherryvanilla,62
powerpack,62
silkytextur,62
drink_now–2022,62
complet_packag,62
somewhat_flat,62
immedi_consumpt,62
nearbi,62
dedic,62
beet_root,62
might_call,62
nativ_yeast,62
embed,62
peach_nectar,62
case_import,62
month_french,62
stainless,62
tribut,62
gravita,62
mozzarella,62
haunt,62
outweigh,62
fern,62
mulch,62
gap,62
lose_steam,62
guid,62
beauti_proport,62
set_backdrop,62
shortterm_age,62
silkysmooth,62
pork_roast,62
fullbodi_creamytextur,62
worn_leather,62
trim,62
mouthdri,62
cat_pee,62
reward_cellar,62
befor_settl,62
sugar_cooki,62
explain,62
wheati,62
mineralladen,62
gird,62
longterm_ager,62
southern_italian,62
utter_delici,62
usa_inc,62
blind_tast,62
import_llc,62
now–2014,62
earli_consumpt,62
grechetto,62
barossa_shiraz,62
immedi_pleasur,62
ecovalley,62
group_nation,62
refresco,62
southern_tuscani,62
nebbiolo_grape,62
bad_becaus,62
—ml,62
summer_day,61
crack_peppercorn,61
homag,61
chop_sage,61
30_month,61
formid,61
prais,61
persist_throughout,61
phase,61
smart,61
brais,61
tavel,61
noth_subtl,61
worth_seek,61
furmint,61
match_stick,61
sandi,61
calera,61
freshcut_grass,61
banana_papaya,61
trend,61
forget,61
interspers,61
superconcentr,61
without_ever,61
high_altitud,61
late_2015,61
côtes_de,61
muscadell,61
couch,61
tini_percentag,61
chew_gum,61
mineraltextur,61
precious,61
submerg,61
tickl,61
flirti,61
muddi,61
medium_build,61
specialti,61
cleanli,61
almost_impenetr,61
pork_chop,61
10–15_year,61
lambrusco,61
receiv,61
necessarili,61
string,61
amber,61
bolgheri,61
concept,61
joint_ventur,61
plum_gut,61
decent_length,61
pedestrian,61
barbecu_meat,61
spici_cuisin,61
lemon_soda,61
help_shape,61
worldclass,61
pommard_clone,60
57,60
gunmet,60
concoct,60
herbting,60
beast,60
involv,60
answer,60
botan,60
thirst_quench,60
premier_crus,60
hybrid,60
cilantro,60
crush_peppercorn,60
quench,60
ciliegiolo,60
peer,60
statement,60
darkchocol,60
enjoy_2021,60
inaugur,60
citruslik,60
tendenc,60
salina_valley,60
sugarysweet,60
suppli,60
alongsid_closegrain,60
mango_guava,60
lack_vibranc,60
crème,60
cousin,60
sketchi,60
spinetingl,60
outlast,60
noteworthi,60
member,60
tan_leather,60
might_find,60
merchant,60
central_otago,60
agiorgitiko,60
pistachio,60
violet_petal,60
long_shadow,60
cantaloup_melon,60
card,60
go_wrong,60
would_stand,60
juvenil,60
darkest,60
expos,60
tenuta,60
acrid,60
previous_year,60
chapin,60
